José de Salles;Av. São Paulo 1250;Brazil;+55 19 980901202
Maria Oliveira;Rua das Flores 45;Brazil;+55 11 991234567
Carlos Pereira;Av. Brasil 300;Brazil;+55 21 998765432
Ana Souza;Rua Rio Branco 120;Brazil;+55 31 987654321
Paulo Santos;Av. Independência 500;Brazil;+55 41 996543210
Fernanda Lima;Rua das Acácias 78;Brazil;+55 51 995432109
Ricardo Gomes;Av. Paulista 1500;Brazil;+55 61 994321098
Juliana Costa;Rua XV de Novembro 200;Brazil;+55 71 993210987
Marcos Almeida;Av. Getúlio Vargas 320;Brazil;+55 81 992109876
Patrícia Nunes;Rua das Palmeiras 90;Brazil;+55 85 991098765
André Barbosa;Av. Rio de Janeiro 400;Brazil;+55 95 990987654
Camila Rocha;Rua das Laranjeiras 56;Brazil;+55 12 989876543
Felipe Martins;Av. Minas Gerais 700;Brazil;+55 13 988765432
Luciana Ribeiro;Rua das Hortênsias 34;Brazil;+55 14 987654320
Thiago Fernandes;Av. Paraná 890;Brazil;+55 15 986543219
Beatriz Carvalho;Rua das Violetas 67;Brazil;+55 16 985432198
Gustavo Azevedo;Av. Santa Catarina 210;Brazil;+55 17 984321987
Renata Pires;Rua das Magnólias 89;Brazil;+55 18 983210976
Eduardo Teixeira;Av. Goiás 560;Brazil;+55 19 982109865
Sabrina Mendes;Rua das Orquídeas 23;Brazil;+55 21 981098754
Daniel Correia;Rua das Oliveiras 45;Brazil;+55 22 980987643
Larissa Duarte;Av. Amazonas 300;Brazil;+55 23 979876532
Bruno Figueiredo;Rua das Bromélias 67;Brazil;+55 24 978765421
Carolina Moraes;Av. Ceará 450;Brazil;+55 25 977654310
Rafael Batista;Rua das Camélias 12;Brazil;+55 26 976543209
Isabela Cunha;Av. Sergipe 670;Brazil;+55 27 975432198
Leonardo Vieira;Rua das Rosas 34;Brazil;+55 28 974321087
Natália Monteiro;Av. Maranhão 890;Brazil;+55 29 973210976
João Henrique;Rua das Tulipas 56;Brazil;+55 32 972109865
Vanessa Lopes;Av. Piauí 120;Brazil;+55 33 971098754
Marcelo Rezende;Rua das Amendoeiras 78;Brazil;+55 34 970987643
Tatiane Silva;Av. Rondônia 340;Brazil;+55 35 969876532
Rodrigo Castro;Rua das Pitangueiras 90;Brazil;+55 36 968765421
Aline Freitas;Av. Acre 560;Brazil;+55 37 967654310
Diego Moreira;Rua das Oliveiras 23;Brazil;+55 38 966543209
Priscila Cardoso;Av. Tocantins 780;Brazil;+55 39 965432198
Fábio Santana;Rua das Araucárias 45;Brazil;+55 41 964321087
Simone Braga;Av. Roraima 900;Brazil;+55 42 963210976
Hugo Lopes;Rua das Oliveiras 67;Brazil;+55 43 962109865
Débora Martins;Av. Amapá 120;Brazil;+55 44 961098754
Otávio Ramos;Rua das Palmeiras 89;Brazil;+55 45 960987643
Elaine Torres;Av. Pará 340;Brazil;+55 46 959876532
Pedro Cunha;Rua das Hortênsias 56;Brazil;+55 47 958765421
Mônica Andrade;Av. Bahia 780;Brazil;+55 48 957654310
Alexandre Souza;Rua das Orquídeas 34;Brazil;+55 49 956543209
Cristina Alves;Av. Espírito Santo 120;Brazil;+55 51 955432198
João Paulo;Rua das Magnólias 78;Brazil;+55 52 954321087
Gabriela Rocha;Av. Rio Grande do Sul 560;Brazil;+55 53 953210976
Maurício Nogueira;Rua das Acácias 23;Brazil;+55 54 952109865
Tatiana Barros;Av. Mato Grosso 780;Brazil;+55 55 951098754
Fernando Oliveira;Rua das Laranjeiras 45;Brazil;+55 56 950987643
Cláudia Mendes;Av. Pernambuco 300;Brazil;+55 57 949876532
Vinícius Costa;Rua das Violetas 67;Brazil;+55 58 948765421
Letícia Azevedo;Av. Alagoas 450;Brazil;+55 59 947654310
Rogério Pires;Rua das Camélias 12;Brazil;+55 61 946543209
Amanda Teixeira;Av. Paraíba 670;Brazil;+55 62 945432198
Marcela Duarte;Rua das Rosas 34;Brazil;+55 63 944321087
Igor Batista;Av. Sergipe 890;Brazil;+55 64 943210976
Helena Moraes;Rua das Tulipas 56;Brazil;+55 65 942109865
Samuel Rezende;Av. Maranhão 120;Brazil;+55 66 941098754
Paula Monteiro;Rua das Amendoeiras 78;Brazil;+55 67 940987643
Douglas Vieira;Av. Piauí 340;Brazil;+55 68 939876532
Carla Henrique;Rua das Pitangueiras 90;Brazil;+55 69 938765421
Bruna Lopes;Av. Rondônia 560;Brazil;+55 71 937654310
Felipe Castro;Rua das Oliveiras 23;Brazil;+55 72 936543209
Mariana Freitas;Av. Acre 780;Brazil;+55 73 935432198
Lucas Moreira;Rua das Araucárias 45;Brazil;+55 74 934321087
Isabel Cardoso;Av. Tocantins 900;Brazil;+55 75 933210976
Renato Santana;Rua das Oliveiras 67;Brazil;+55 76 932109865
Viviane Braga;Av. Roraima 120;Brazil;+55 77 931098754
Caio Ramos;Rua das Palmeiras 89;Brazil;+55 78 930987643
Larissa Torres;Av. Pará 340;Brazil;+55 79 929876532
Mateus Cunha;Rua das Hortênsias 56;Brazil;+55 81 928765421
Juliana Andrade;Av. Bahia 780;Brazil;+55 82 927654310
Gabriel Souza;Rua das Orquídeas 34;Brazil;+55 83 926543209
Patrícia Alves;Av. Espírito Santo 120;Brazil;+55 84 925432198
Henrique Paulo;Rua das Magnólias 78;Brazil;+55 85 924321087
Sofia Rocha;Av. Rio Grande do Sul 560;Brazil;+55 86 923210976
Daniel Nogueira;Rua das Acácias 23;Brazil;+55 87 922109865
Carolina Barros;Av. Mato Grosso 780;Brazil;+55 88 921098754
Marcelo Oliveira;Rua das Laranjeiras 45;Brazil;+55 89 920987643
Tatiane Mendes;Av. Pernambuco 300;Brazil;+55 91 919876532
Rodrigo Costa;Rua das Violetas 67;Brazil;+55 92 918765421
Aline Azevedo;Av. Alagoas 450;Brazil;+55 93 917654310
João Pires;Rua das Camélias 12;Brazil;+55 94 916543209
Camila Teixeira;Av. Paraíba 670;Brazil;+55 95 915432198
Eduarda Duarte;Rua das Rosas 34;Brazil;+55 96 914321087
Bruno Batista;Av. Sergipe 890;Brazil;+55 97 913210976
Natália Moraes;Rua das Tulipas 56;Brazil;+55 98 912109865
Leonardo Rezende;Av. Maranhão 120;Brazil;+55 99 911098754