Ferrari;"Moto Esmeril 6""";"Esmeril 6"" modelo ME-6, 127/220 Volts, Peso 6.0 Kg";215
Tramontina;Alicate de bico laranja;Alicate de bico linha Tramontina-Pro Modelo 44006/006, 1000V;67,9
Dexter; Alicate Desencapador;Alicate desencapador de fio, Modelo DB06A1-18, 1000V, IEC 60900;234,89
Spanta;" Chave Philips 3/16"" x 1.5""";Chave Philips cabo laranja;16,51
Tramontina;"Chave Philips 1/4x5"" - 6x125mm";Chave Philips linha Tramontina-Pro Modelo 44110/031 Vanadium ponta imantada;14,99
mtx;"Chave Philips 1/4x4"" - 6x100mm"; Chave Philips Chrome Vanadium com ponta imantada;15,11
mtx;"Chave de Fenda 1/4x4"" - 6x100mm"; Chave de Fenda Chrome Vanadium com ponta imantada;13,9
Tramontina;"Chave de Fenda 3/16x4"" - 5x100mm"; Chave de Fenda linha Tramontina-Pro Modelo 44110/021 Vanadium ponta imantada;17,77
NonBrand;Chave Combinada com Catraca 11 mm; Chave Combinada com Catraca 11 mm Chrome Vanadium;31,08
NonBrand;"Alicate Corte Diagonal 6""";" Alicate Corte Diagonal 6"" 1000V";39,9
Tramontina;"Alicate de Pressão Mordente Reto 10""";"Alicate de Pressão Mordente Reto 10"" 44013/110 Tramontina-Pro";84,55
Tramontina;Chave Inglesa 14/15 mm;Chave Inglesa Tramontina 14/15 mm;53,63
NonBrand;Chave de fenda catraca magnética;Chave de fenda catraca magnética Positivo e Negativo Antiderrapante Ferramenta manual;50
NonBrand;Estilete corta fio;Estilete corta fio;10
Western;"Paquímetro Digital 150mm - 6""";"Paquímetro Digital 150mm - 6"", Linha Profissional Pro";54,99
NonBrand;Jogo de Chaves Allen Hexagonais;Jogo de Chaves Allen Hexagonais Longas 9 Peças 1,5 a 10mm Aço Cromo Vanadio Alta;75,23
NonBrand;Chaves Allen Hexagonais 6mm;Chaves Allen Hexagonais 6mm;4,24
Dexter;Martelo de Unha 27mm;Martelo de Unha 27mm;24,9
Dexter;Espátula cabo de madeira;Espátula cabo de madeira;8,92
Dexter;Formão cabo de borracha;Formão cabo de borracha;46,9
Stamaco;Jogo de chaves torx T9 - T40;Jogo de chaves torx T9 - T40;24,99
Bosch;Jogo de Bits 36 peças;Jogo de Bits Impact Control 36 Peças 2608522365 Bosch;346,4
Dremel;kit para lixar micro-retífica;kit para lixar micro-retífica Dremel;72,9
NonBrand;Óculos de segurança;Óculos de segurança;3,19
Danny;Luvas de Proteção emborrachadas;Luvas de Proteção emborrachadas MaxiGrip PRO;10,52
NonBrand;Nível pequeno;Nível pequeno;17,9
Starret;Serra para tico-tico;Serra para tico-tico Starret BU418;16,82
Irwin;Lápis de Pedreiro;Lápis de Pedreiro Médio Strait-Line;6,28
Western;Calibrador de Pneus;Calibrador de Pneus 150 PSI, Linha Auto;28,14
NonBrand;Jogo de Serra Copo p/ Madeira;Jogo de Serra Copo p/ Madeira;20,47
Bosch;Esmeril para furadeira;Esmeril para furadeira Bosch 17081338;44,56
Bosch;Escova de Aço para furadeira;Escova de Aço para furadeira;12
NonBrand;Ponta Abrasiva Rosa p/ Furadeira;Ponta Abrasiva Rosa p/ Furadeira;10,05
Makita;Broca 4mm para concreto;Broca Widea Para Concreto 4mm D-03894;7
Makita;Broca 6mm para concreto;Broca Widea Para Concreto 6mm D-03894;7
Makita;Broca 8mm para concreto;Broca Widea Para Concreto 8mm D-03894;7
Makita;Broca 10mm para concreto;Broca Widea Para Concreto 10mm D-03894;7
Makita;Broca Madeira 8mm;Broca Madeira 8mm (2x);9,41
Makita;Broca Metal 8mm;Broca Metal 8mm;15
NonBrand;Broca Concreto 8mm;Broca Concreto 8mm;10,44
Makita;Broca Concreto 10mm;Broca Concreto 10mm;10
NonBrand;Broca Concreto 3mm;Broca Concreto 3mm;6,84
Makita;Broca madeira 6mm;Broca madeira 6mm (2);9,7
Bosch;Broca Concreto 5mm;Broca Concreto 5mm (2);3,79
NonBrand;Broca Concreto 5mm;Broca Concreto 5mm;3,79
NonBrand;Broca de Vídea 6mm;Broca de Vídea 6mm (2);38,9
Bosch;Broca de Vídea 6mm;Broca de Vídea 6mm;38,9
NonBrand;Broca de Madeira 5mm;Broca de Madeira 5mm (2);38,9
NonBrand;Broca de Concreto 4mm;Broca de Concreto 4mm(2);2,8
NonBrand;Broca Metal 5mm;Broca Metal 5mm;2,8
NonBrand;Broca Metal 6mm;Broca Metal 6mm;2,8
NonBrand;Broca de concreto 6mm longa;Broca de concreto 6mm longa;46,73
Bosch;Broca multiuso expert 6mm;Broca multiuso expert 6mm com carbeto de tungstênio;35,09
Bosch;Broca de concreto 3mm;Broca de concreto 3mm (2);2,8
NonBrand;Broca de Madeira 10mm;Broca de Madeira 10mm;10
NonBrand;Broca de Madeira 8mm;Broca de Madeira 8mm;10
NonBrand;Broca de Madeira 6mm;Broca de Madeira 6mm;10
NonBrand;Broca de Madeira 5mm;Broca de Madeira 5mm(2);10
NonBrand;Broca de Madeira 4mm;Broca de Madeira 4mm;10
NonBrand;Broca Metal Duro 6mm;Broca Metal Duro 6mm;348,11
NonBrand;Chave Mandril para Furadeira;Chave Mandril para Furadeira;8
Stanley;Caixa de Ferramentas 49.2 x 25,4 x 24,8 cm;"Caixa de Ferramentas Stanley Modelo 19"" Série 2000 19-013";98
Bosch;Conjunto de Brocas/Bits Bosch X33;Conjunto de Brocas/Bits Bosch X33 33 peças brocas de Madeira/Concreto/Aço;75
Western;Colher de pedreiro;Colher de pedreiro;18,9
Stamaco;Jogo de chaves fendas/philips;Jogo de chaves fendas/philips;40
NonBrand;"Chave phillips 1/6"" x 2""";"Chave phillips 1/6"" x 2"" - 4mm x 50mm ";13,59
NonBrand;"Chave Fenda 1/8"" x 2.5""";"Chave Fenda 1/8"" x 2.5"" - 3mm x 75mm";10,12
NonBrand;Chave Allen Hexagonais 5mm;Chave Allen Hexagonais 5mm (6);4,02
NonBrand;Chave Allen Formato Z 4mm;Chave Allen Formato Z 4mm (5);4,01
NonBrand;"Chave Fenda 1/8"" x 1.4""";"Chave Fenda 1/8"" x 1.4"" - 3mm x 35mm";8,49
NonBrand;"Chave Fenda 1/12"" x 1.25""";"Chave Fenda 1/12"" x 1.25"" - 8mm x 31mm";7,79
NonBrand;"Chave Philips 1/8"" x 3""";"Chave Philips 1/8"" x 3"" - 3mm x 75mm";6,1
NonBrand;"Chave Philips 1/8"" x 6""";"Chave Philips 1/8"" x 6"" - 3mm x 150mm";3,5
Dremel;Micro-retífica;Micro-retífica Dremel 4000 Professional 110 Volts F0134000GB;580,99
Bosch;Bosch Furadeira Parafusadeira;Bosch Furadeira Parafusadeira GSR 1000 Smart, Com Acessórios, 12 Volts;399
Western;Nível com 3 Bolhas 50 cm;Nível com 3 Bolhas 50 cm, Western, HT-20, Amarelo;30
Tramontina;Colher Pedreiro 08;Colher Pedreiro 08;26,1
Galo;Desempenadeira 18x30 Galo; Desempenadeira PVC 18x30;24,6
Volk;Luvas de Proteção emborrachadas;Luvas de Proteção emborrachadas Volk do Brasil;8
